"medianAge","iso3","EN","DE","FR","IT","ES","PT","RU","ZH","JA","AR"
46.5,"JPN","Japan","Japan","Japon","Giappone","Japón","Japão","Япония","日本","日本","اليابان"
46.5,"DEU","Germany","Deutschland","Allemagne","Germania","Alemania","Alemanha","Германия","德国","ドイツ","ألمانيا"
45.2,"SPM","Saint Pierre and Miquelon","St. Pierre und Miquelon","Saint-Pierre-et-Miquelon","Saint-Pierre e Miquelon","San Pedro y Miquelón","Saint Pierre e Miquelon","Сен-Пье́р и Микело́н","圣皮埃尔和密克隆","サンピエール島·ミクロン島","سان بيار وميكلون"
44.9,NA,NA,NA,NA,NA,NA,NA,NA,NA,NA,NA
44.8,"ITA","Italy","Italien","Italie","Italia","Italia","Itália","Италия","意大利","イタリア","إيطاليا"
43.9,"SMR","San Marino","San Marino","Saint-Marin","San Marino","San Marino","San Marino","Сан-Марино","圣马力诺","サン·マリノ","سان مارينو"
43.8,"GRC","Greece","Griechenland","Grèce","Grecia","Grecia","Grécia","Греция","希腊","ギリシャ","اليونان"
43.8,"SVN","Slovenia","Slowenien","Slovénie","Slovenia","Eslovenia","Eslovênia","Словения","斯洛文尼亚","スロベニア","سلوفينيا"
43.7,"IMN","Isle of Man","Isle of Man","Île de Man",NA,"Isla de Man","Ilha de Man","Остров Мэн","马恩岛","マン島","جزيرة مان"
43.6,"AUT","Austria","Österreich","Autriche","Austria","Austria","Áustria","Австрия","奥地利","オーストリア","النمسا"
43.6,"HKG","Hong Kong","Hong Kong","Hong-Kong",NA,"Hong Kong","Hong Kong","Гонконг","香港","香港","هونغ كونغ"
43.4,"GGY","Guernsey","Guernsey","Guernesey",NA,"Guernsey","Guernsey","Ге́рнси","根西岛","ガーンジー島","غيرنسي"
43.1,"LTU","Lithuania","Litauen","Lituanie","Lituania","Lituania","Lituânia","Литва","立陶宛","リトアニア","ليتوانيا"
43.1,"BMU","Bermuda","Bermuda","Bermudes","Bermuda","Bermuda","Bermudas","Бермуды","百慕大","バミューダ諸島","برمودا"
43,"AND","Andorra","Andorra","Andorre","Andorra","Andorra","Andorra","Андорра","安道​​尔","アンドラ公国","أندورا"
43,"BLM",NA,NA,NA,NA,NA,NA,NA,NA,NA,NA
42.9,"LVA","Latvia","Lettland","Lettonie","Lettonia","Letonia","Letônia","Латвия","拉脱维亚","ラトビア","لاتفيا"
42.7,"LIE","Liechtenstein","Liechtenstein","Liechtenstein","Liechtenstein","Liechtenstein","Liechtenstein","Лихтенштейн","列支敦士登","リヒテンシュタイン","ليختنشتاين"
42.6,"HRV","Croatia","Kroatien","Croatie","Croazia","Croacia","Croácia","Хорватия","克罗地亚","クロアチア","كرواتيا"
42.5,NA,NA,NA,NA,NA,NA,NA,NA,NA,NA,NA
42.4,"FIN","Finland","Finnland","Finlande","Finlandia","Finlandia","Finlândia","Финляндия","芬兰","フィンランド","فنلندا"
42.3,"NLD","Netherlands","Niederlande","Pays-Bas","Paesi Bassi","Países Bajos","Holanda","Нидерланды","荷兰","オランダ","هولندا"
42.1,"SRB","Serbia","Serbien","Serbie","Serbia","Serbia","Sérvia","Сербия","塞尔维亚","セルビア","صربيا"
42.1,"BGR","Bulgaria","Bulgarien","Bulgarie","Bulgaria","Bulgaria","Bulgária","Болгария","保加利亚","ブルガリア","بلغاريا"
42.1,"EST","Estonia","Estland","Estonie","Estonia","Estonia","Estônia","Эстония","爱沙尼亚","エストニア","استونيا"
42.1,"CHE","Switzerland","Schweiz","Suisse","Svizzera","Suiza","Suíça","Швейцария","瑞士","スイス","سويسرا"
42,"ESP","Spain","Spanien","Espagne","Spagna","España","Espanha","Испания","西班牙","スペイン","إسبانيا"
41.8,"CAN","Canada","Kanada","Canada","Canada","Canadá","Canadá","Канада","加拿大","カナダ","كندا"
41.8,"DNK","Denmark","Dänemark","Danemark","Danimarca","Dinamarca","Dinamarca","Дания","丹麦","デンマーク","الدنمارك"
41.5,"PRT","Portugal","Portugal","Portugal","Portogallo","Portugal","Portugal","Португалия","葡萄牙","ポルトガル","البرتغال"
41.4,"BEL","Belgium","Belgien","Belgique","Belgio","Bélgica","Bélgica","Бельгия","比利时","ベルギー","بلجيكا"
41.4,"HUN","Hungary","Ungarn","Hongrie","Ungheria","Hungría","Hungria","Венгрия","匈牙利","ハンガリー","هنغاريا"
41.3,"CZE","Czech Republic","Tschechische Republik","République tchèque","Repubblica Ceca","República Checa","República Tcheca","Чешская Республика","捷克共和国","チェコ","تشيكيا"
41.2,"BIH","Bosnia and Herzegovina","Bosnien und Herzegowina","Bosnie-Herzégovine","Bosnia-Erzegovina","Bosnia-Herzegovina","Bósnia E Herzegovina","Босния и Герцеговина","波斯尼亚和黑塞哥维那","ボスニア·ヘルツェゴビナ","البوسنة والهرسك"
41.2,"MLT","Malta","Malta","Malte","Malta","Malta","Malta","Мальта","马耳他","マルタ","مالطا"
41.2,"SWE","Sweden","Schweden","Suède","Svezia","Suecia","Suécia","Швеция","瑞典","スウェーデン","السويد"
41.1,"FRA","France","Frankreich","France","Francia","Francia","França","Франция","法国","フランス","فرنسا"
41,"SHN","Saint Helena, Ascension and Tristan da Cunha","St. Helena, Ascension und Tristan da Cunha","Sainte-Héléne, Ascension et Tristan da Cunha","Sant'Elena, Ascensione e Tristan de Cunha","Santa Elena, Ascensión y Tristán da Cunha","Santa Helena, Ascensão e Tristão da Cunha","Св. Елена, остров Вознесения, Тристан да Кунья","圣赫勒拿岛，阿森松岛和特里斯坦-达库尼亚","セントヘレナ、アセンションおよびトリスタン·ダ·クーニャ","سانت هيلانة وأسنسيون وتريستان دا كونها"
40.8,"KOR","Republic of Korea","Republik Korea","République de Corée","Repubblica di Corea","República de Corea","República da Coreia","Республика Корея","韩国","大韓民国","كوريا"
40.4,"CUB","Cuba","Kuba","Cuba","Cuba","Cuba","Cuba","Куба","古巴","キューバ","كوبا"
40.4,"GBR","United Kingdom","Vereinigtes Königreich","Royaume-Uni","Regno Unito","Reino Unido","Reino Unido","Соединенное Королевство Великобритании и Северной Ирландии","英国","英国","المملكة المتحدة"
40.4,"SXM","Sint Maarten (Dutch part)","Sint Maarten (niederländischen Teil)","Saint-Martin (partie Néerlandaise)","Sint Maarten (Parte olandese)","San Martín (parte holandesa)","St. Martin (parte holandesa)","Синт-Ма́ртен (Нидерланды)","荷属圣马丁","シントマールテン島","سانت مارتن (الجزء الهولندي)"
40.2,"ROU","Romania","Rumänien","Roumanie","Romania","Rumania","Romênia","Румыния","罗马尼亚","ルーマニア","رومانيا"
40.1,"UKR","Ukraine","Ukraine","Ukraine","Ucraina","Ucrania","Ucrânia","Украина","乌克兰","ウクライナ","أوكرانيا"
39.9,"POL","Poland","Polen","Pologne","Polonia","Polonia","Polônia","Польша","波兰","ポーランド","بولندا"
39.7,"CYM","Cayman Islands","Cayman Inseln","Îles Caïmanes","Isole Cayman","Islas Caimán","Ilhas Cayman","Каймановы острова","开曼群岛","ケイマン諸島","جزر كايمان"
39.7,"MNE","Montenegro","Montenegro","Monténégro","Montenegro","Montenegro","Montenegro","Черногория","黑山共和国","モンテネグロ","الجبل الأسود"
39.7,"TWN","Taiwan, Province of China","Taiwan, Province of China","Taïwan, Province de Chine",NA,"Provincia china de Taiwán","Taiwan, Província da China","Тайвань (провинция Китайской Народной Республики)","中国台湾省","台湾、中国の省","مقاطعة تايوان الصينية"
39.6,"BLR","Belarus","Weissrussland","Bélarus","Bielorussia","Belarús","Bielorrússia","Беларусь","白俄罗斯","ベラルーシ","روسيا البيضاء"
39.6,"SVK","Slovakia","Slowakei","Slovaquie","Slovacchia","República Eslovaca","Eslováquia","Словакия","斯洛伐克","スロバキア","سلوفاكيا"
39.2,"LUX","Luxembourg","Luxemburg","Luxembourg","Lussemburgo","Luxemburgo","Luxemburgo","Люксембург","卢森堡","ルクセンブルク","لوكسمبورغ"
39.1,"NOR","Norway","Norwegen","Norvège","Norvegia","Noruega","Noruega","Норвегия","挪威","ノルウェー","النرويج"
39.1,"PRI","Puerto Rico","Puerto Rico","Porto Rico","Portorico","Puerto Rico","Porto Rico","Пуэрто-Рико","波多黎各","プエルトリコ","بويرتو ريكو"
39.1,"RUS","Russian Federation","Russische Föderation","Fédération de Russie","Russia","Rusia","Federação Russa","Российская Федерация","俄罗斯","ロシア","روسيا"
39,"ABW","Aruba","Aruba","Aruba","Aruba","Aruba","Aruba","Аруба","阿鲁巴","アルバ","أروبا"
39,"JEY","Jersey","Jersey","Jersey",NA,"Jersey","Jersey","Остров Джерси","泽西岛","ジャージー","جيرسي"
38.4,"AUS","Australia","Australien","Australie","Australia","Australia","Austrália","Австралия","澳大利亚","オーストラリア","أستراليا"
38.2,"MAC","Macao","Macao","Macao","Macao","Macao","Macau","Макао","澳门","マカオ","ماكاو"
38,"BRB","Barbados","Barbados","Barbade","Barbados","Barbados","Barbados","Барбадос","巴巴多斯","バルバドス","بربادوس"
37.9,"GEO","Georgia","Georgia","Géorgie","Georgia","Georgia","Georgia","Грузия","格鲁吉亚","ジョージア","جورجيا"
37.8,"USA","United States","Vereinigte Staaten","États-Unis","Stati Uniti d'America","Estados Unidos","Estados Unidos","Соединенные Штаты Америки","美国","米国","الولايات المتحدة"
37.7,"FRO",NA,NA,NA,NA,NA,NA,NA,NA,NA,NA
37.7,"NZL","New Zealand","Neuseeland","Nouvelle-Zélande","Nuova Zelanda","Nueva Zelandia","Nova Zelândia","Новая Зеландия","新西兰","ニュージーランド","نيوزيلندا"
37.2,"MKD","Former Yugoslav Republic of Macedonia","Ehemalige jugoslawische Republik Mazedonien","L'Ex-République yougoslave de Macédoine","L'ex Repubblica jugoslava di Macedonia","Antigua república yugoslava de Macedonia","Antiga República Jugoslava da Macedónia","Бывшая югославская Республика Македония","马其顿","マケドニア·旧ユーゴスラビア共和国","مقدونيا"
36.8,"CHN","China","China","Chine","Cina","China","China","Китай","中国","中国","الصين"
36.7,"THA","Thailand","Thailand","Thaïlande","Thailandia","Tailandia","Tailândia","Таиланд","泰国","タイ","تايلاند"
36.1,"CYP","Cyprus","Zypern","Chypre","Cipro","Chipre","Chipre","Кипр","塞浦路斯","キプロス","قبرص"
36.1,"CUW","Curacao","Curacao","Curaçao","Curaçao","Curaçao","Curaçao","Кюрасао","库拉索","キュラソー島","كوراكاو"
36.1,"IRL","Ireland","Irland","Irlande","Irlanda","Irlanda","Irlanda","Ирландия","爱尔兰","アイルランド","أيرلندا"
36,"MDA","Republic of Moldova","Moldawien","Moldavie","Moldavia","Moldavia","Moldávia","Республика Молдова","摩尔多瓦共和国","モルドバ","مولدافيا"
36,"ISL","Iceland","Island","Islande","Islanda","Islandia","Islândia","Исландия","冰岛","アイスランド","أيسلندا"
35.9,"VGB","British Virgin Islands","Britische Jungferninseln","Îles Vierges britanniques",NA,"Islas Vírgenes Británicas","Ilhas Virgens Britânicas","Британские Виргинские острова","英属维尔京群岛","英領ヴァージン諸島","جزر فيرجن البريطانية"
35.3,"COK","Cook Islands","Cookinseln","Îles Cook",NA,"Islas Cook","Ilhas Cook","Острова Кука","库克群岛","クック諸島","جزر كوك"
35,"TTO","Trinidad and Tobago","Trinidad und Tobago","Trinité-et-Tobago","Trinidad e Tobago","Trinidad y Tobago","Trinidad e Tobago","Тринидад и Тобаго","特立尼达和多巴哥","トリニダード·トバゴ","ترينداد وتوباغو"
34.5,"URY","Uruguay","Uruguay","Uruguay","Uruguay","Uruguay","Uruguai","Уругвай","乌拉圭","ウルグアイ","أوروغواي"
34.4,"MUS","Mauritius","Mauritius","Maurice","Maurizio","Mauricio","Maurice","Маврикий","毛里求斯","モーリシャス","موريشيوس"
34.4,"SYC","Seychelles","Seychellen","Seychelles","Seychelles","Seychelles","Seychelles","Сейшельские Острова","塞舌尔","セイシェル","سيشيل"
34.3,"AIA","Anguilla","Anguilla","Anguilla","Anguilla","Anguilla","Anguilla","Анги́лья","安圭拉","アンギラ島","أنغيلا"
34.2,"ARM","Armenia","Armenien","Arménie","Armenia","Armenia","Armênia","Армения","亚美尼亚","アルメニア","أرمينيا"
34.2,"GIB","Gibraltar","Gibraltar","Gibraltar","Gibilterra","Gibraltar","Gibraltar","Гибралтар","直布罗陀","ジブラルタル","جبل طارق"
34,"KNA","Saint Kitts and Nevis","St. Kitts und Nevis","Saint-Kitts-et-Nevis","Saint Kitts e Nevis","San Cristóbal y Nieves","São Cristóvão e Nevis","Сент-Китс и Невис","圣基茨和尼维斯","セントクリストファー·ネーヴィス","سانت كيتس ونيفيس"
34,"SGP","Singapore","Singapur","Singapour","Singapore","Singapur","Cingapura","Сингапур","新加坡","シンガポール","سنغافورة"
33.7,"CHL","Chile","Chile","Chili","Cile","Chile","Chile","Чили","智利","チリ","تشيلي"
33.7,"GRL","Greenland","Grönland","Groenland",NA,"Groenlandia","Groenlândia","Гренландия","格陵兰","グリーンランド","غرينلاند"
33.6,"PRK","Democratic People's Republic of Korea","Demokratische Volksrepublik Korea","La République populaire démocratique de Corée","Corea del Nord","República Popular Democrática de Corea","República Popular Democrática da Coreia","Корейская Народно-Демократическая Республика","朝鲜","朝鮮民主主義人民共和国","جمهورية كوريا الشعبية الديمقراطية وجمهورية كوريا"
33.5,"LCA","Saint Lucia","St. Lucia","Sainte-Lucie","Saint Lucia","Santa Lucía","St. Lucia","Сент-Люси́я","圣卢西亚","セントルシア","سانت لوسيا"
33.2,"PLW","Palau","Palau","Palaos","Palau","Paláu","Palau","Палау","帕劳","パラオ","بالاو"
32.8,"QAT","Qatar","Katar","Qatar","Qatar","Catar","Catar","Катар","卡塔尔","カタール","قطر"
32.6,"DMA","Dominica","Dominica","Dominique","Dominica","Dominica","Dominica","Содру́жество Домини́ки","多米尼加","ドミニカ","دومينيكا"
32.5,"VCT","Saint Vincent and The Grenadines","St. Vincent und die Grenadinen","Saint-Vincent-et-les Grenadines","Saint Vincent e Grenadine","San Vicente y las Granadinas","São Vicente e Granadinas","Сент-Винсент и Гренадины","圣文森特和格林纳丁斯","セントビンセントおよびグレナディーン諸島","سانت فنسنت وجزر غرينادين"
32.4,"TCA","Turks and Caicos Islands","Turks und Caicos Inseln","Îles Turks et Caïques","Turks e Caicos","Islas Turcas y Caicos","Ilhas Turcas e Caicos","Теркс и Ка́йкос","特克斯和凯科斯群岛","タークス·カイコス諸島","جزر تركس وكايكوس"
32.1,"MNP","Northern Mariana Islands","Northern Mariana Islands","Îles Mariannes du Nord",NA,"Islas Marianas Septentrionales","Ilhas Marianas do Norte","Северные Марианские острова","北马里亚纳群岛","北マリアナ諸島","جزر ماريانا الشمالية"
32.1,"LKA","Sri Lanka","Sri Lanka","Sri Lanka","Sri Lanka","Sri Lanka","Sri Lanka","Шри-Ланка","斯里兰卡","スリランカ","سيريلانكا"
32,"ALB","Albania","Albanien","Albanie","Albania","Albania","Albânia","Албания","阿尔巴尼亚","アルバニア","ألبانيا"
32,NA,NA,NA,NA,NA,NA,NA,NA,NA,NA,NA
31.9,"TUN","Tunisia","Tunesien","Tunisie","Tunisia","Túnez","Tunísia","Тунис","突尼斯","チュニジア","تونس"
31.9,"MSR","Montserrat","Montserrat","Montserrat","Montserrat","Montserrat","Montserrat","Монтсеррат","蒙特塞拉特","モントセラト","مونتسيرات"
31.8,"BHR","Bahrain","Bahrein","Bahreïn","Bahrein","Baréin","Bahrain","Бахрейн","巴林","バーレーン","البحرين"
31.5,"BHS","Bahamas","Bahamas","Bahamas","Bahamas","Bahamas","Bahamas","Багамские Острова","巴哈马","バハマ","جزر البهاما"
31.4,"ATG","Antigua and Barbuda","Antigua und Barbuda","Antigua-et-Barbuda","Antigua e Barbuda","Antigua y Barbuda","Antigua e Barbuda","Антигуа и Барбуда","安提瓜和巴布达","アンティグア・バーブーダ","أنتيغوا وبربودا"
31.4,"ARG","Argentina","Argentinien","Argentine","Argentina","Argentina","Argentina","Аргентина","阿根廷","アルゼンチン","الأرجنتين"
31.4,"NCL","New Caledonia","Neu-Kaledonien","Nouvelle-Calédonie","Nuova Caledonia","Nueva Caledonia","Nova Caledônia","Новая Каледония","新喀里多尼亚","ニューカレドニア","كاليدونيا الجديدة"
31.1,"BRA","Brazil","Brasilien","Brésil","Brasile","Brasil","Brasil","Бразилия","巴西","ブラジル","البرازيل"
31,"PYF","French Polynesia","Französisch Polynesien","Polynésie française","Polinesia francese","Polinesia Francesa","Polinésia Francesa","Французская Полинезия","法属波利尼西亚","仏領ポリネシア","بولينيزيا الفرنسية"
30.9,"WLF","Wallis and Futuna","Wallis und Futuna","Wallis et Futuna","Wallis e Futuna","Islas Wallis y Futuna","Wallis e Futuna","Уоллис и Футуна","瓦利斯和富图纳群岛","ワリー·エ·フトゥーナ","واليس وفوتونا"
30.5,"AZE","Azerbaijan","Aserbaidschan","Azerbaédjan","Azerbaigian","Azerbaiyán","Azerbaijão","Азербайджан","阿塞拜疆","アゼルバイジャン","آذربيجان"
30.4,"CRI","Costa Rica","Costa Rica","Costa Rica","Costa Rica","Costa Rica","Costa Rica","Коста-Рика","哥斯达黎加","コスタリカ","كوستا ريكا"
30.4,"GRD","Grenada","Grenada","Grenade","Grenada","Granada","Granada","Гренада","格林纳达","グレナダ","غرينادا"
30.3,"ARE","United Arab Emirates","Vereinigte Arabische Emirate","Émirats arabes unis","Emirati Arabi Uniti","Emiratos Árabes Unidos","Emirados Árabes Unidos","Объединенные Арабские Эмираты","阿拉伯联合酋长国","アラブ首長国連邦","الإمارات العربية المتحدة"
30.1,"GUM","Guam","Guam","Guam","Guam","Guam","Guam","Гуам","关岛","グアム","غوام"
30.1,"TUR","Turkey","Türkei","Turquie","Turchia","Turquía","Turquia","Турция","土耳其","トルコ","البيرو"
30,"KAZ","Kazakhstan","Kasachstan","Kazakhstan","Kazakistan","Kazajistán","Cazaquistão","Казахстан","哈萨克斯坦","カザフスタン","كازاخستان"
29.6,"BRN","Brunei","Brunei","Brunei","Brunei","Brunéi","Brunei Darussalam","Бруней-Даруссалам","文莱","ブルネイ","بروناي"
29.6,"ISR","Israel","Israel","Israël","Israele","Israel","Israel","Израиль","以色列","イスラエル","إسرائيل"
29.6,"VNM","Vietnam","Vietnam","Viet Nam","Vietnam","Vietnam","Vietnã","Вьетнам","越南","ベトナム","فيتنام"
29.6,"IDN","Indonesia","Indonesien","Indonésie","Indonesia","Indonesia","Indonésia","Индонезия","印度尼西亚","インドネシア","أندونيسيا"
29.4,"LBN","Lebanon","Libanon","Liban","Libano","Líbano","Líbano","Ливан","黎巴嫩","レバノン","لبنان"
29.3,"COL","Colombia","Kolumbien","Colombie","Colombia","Colombia","Colômbia","Колумбия","哥伦比亚","コロンビア","كولومبيا"
29.1,"SUR","Suriname","Suriname","Suriname","Suriname","Suriname","Suriname","Суринам","苏里南","スリナム","سورينام"
29,"KWT","Kuwait","Kuwait","Koweït","Kuwait","Kuwait","Kuweit","Кувейт","科威特","クウェート","الكويت"
28.8,"ASM","American Samoa","Amerikanischen Samoa-Inseln","Samoa Américaines","Samoa americane","Samoa Americana","Samoa Americana","Самоа США","美属萨摩亚","アメリカ領サモア","ساموا الأمريكية"
28.8,"IRN","Islamic Republic of Iran","Islamischen Republik Iran","République Islamique d'Iran","Iran","Irán","Irã","Иран, Исламская Республика","伊朗","イラン","إيران"
28.6,"PAN","Panama","Panama","Panama","Panama","Panamá","Panamá","Панама","巴拿马","パナマ","بناما"
28.5,"MAR","Morocco","Marokko","Maroc","Marocco","Marruecos","Marrocos","Марокко","摩洛哥","モロッコ","المغرب"
28.3,"MMR","Myanmar","Myanmar","Myanmar","Myanmar","Myanmar","Myanmar","Мьянма","缅甸","ミャンマー","ميانمار"
28.2,"FJI","Fiji","Fidschi","Fidji","Isole Figi","Fiyi","Fiji","Фиджи","斐济","フィジー","فيجي"
28.2,NA,NA,NA,NA,NA,NA,NA,NA,NA,NA,NA
28,"LBY","Libya","Libyen","Libye","Libia","Libia","Líbia","Ливия","利比亚","リビア","ليبيا"
27.9,"MYS","Malaysia","Malaysia","Malaisie","Malesia","Malasia","Malásia","Малайзия","马来西亚","マレーシア","ماليزيا"
27.6,"MEX","Mexico","Mexiko","Mexique","Messico","México","México","Мексика","墨西哥","メキシコ","المكسيك"
27.6,"UZB","Uzbekistan","Usbekistan","Ouzbékistan","Uzbekistan","Uzbekistán","Uzbequistão","Узбекистан","乌兹别克斯坦","ウズベキスタン","أوزبكستان"
27.5,"DZA","Algeria","Algerien","Algérie","Algeria","Argelia","Argélia","Алжир","阿尔及利亚","アルジェリア","الجزائر"
27.5,"MNG","Mongolia","Mongolei","Mongolie","Mongolia","Mongolia","Mongólia","Монголия","蒙古","モンゴル","منغوليا"
27.4,"MDV","Maldives","Malediven","Maldives","Maldive","Maldivas","Maldivas","Мальдивские Острова","马尔代夫","モルディブ","جزر المالديف"
27.4,"DOM","Dominican Republic","Dominikanische Republik","Dominicaine république","Repubblica dominicana","República Dominicana","República Dominicana","Доминиканская Республика","多明尼加","ドミニカ共和国","جمهورية الدومينيكان"
27.3,"PRY","Paraguay","Paraguay","Paraguay","Paraguay","Paraguay","Paraguai","Парагвай","巴拉圭","パラグアイ","باراغواي"
27.3,"PER","Peru","Peru","Pérou","Perù","Perú","Peru","Перу","秘鲁","ペルー","بيرو"
27.3,"IND","India","Indien","Inde","India","India","Índia","Индия","印度","インド","الهند"
27.2,"VEN","Bolivarian Republic of Venezuela","Venezuela","Venezuela","Venezuela","Venezuela","Venezuela","Венесуэла, Боливарианская Республика","委内瑞拉","ベネズエラ","فنزويلا"
27.1,"TKM","Turkmenistan","Turkmenistan","Turkménistan","Turkmenistan","Turkmenistán","Turquemenistão","Туркменистан","土库曼斯坦","トルクメニスタン","تركمانستان"
27,"ECU","Ecuador","Ecuador","Équateur","Ecuador","Ecuador","Equador","Эквадор","厄瓜多尔","エクアドル","الاكوادور"
26.8,"SAU","Saudi Arabia","Saudi-Arabien","Arabie Saoudite","Arabia Saudita","Arabia Saudita","Arábia Saudita","Саудовская Аравия","沙特阿拉伯","サウジアラビア","السعودية"
26.7,"BTN","Bhutan","Bhutan","Bhoutan","Bhutan","Bután","Butão","Бутан","不丹","ブータン","بوتان"
26.5,"ZAF","South Africa","Südafrika","Afrique du Sud","Sudafrica","Sudáfrica","África do Sul","Южная Африка","南非","南アフリカ","جنوب أفريقيا"
26.1,"SLV","El Salvador","El Salvador","El Salvador","El Salvador","El Salvador","El Salvador","Сальвадор","萨尔瓦多","エルサルバドル","السلفادور"
26,"KGZ","Kyrgyzstan","Kirgisistan","Kirghizistan","Kirghizistan","Kirguistán","Quirguistão","Кыргызстан","吉尔吉斯斯坦","キルギスタン","قيرغيزستان"
25.7,"NRU","Nauru","Nauru","Nauru","Nauru","Naurú","Nauru","Науру","瑙鲁","ナウル","ناورو"
25.4,"GUY","Guyana","Guyana","Guyana","Guyana","Guyana","Guiana","Гайана","圭亚那","ガイアナ","غيانا"
25.3,"EGY","Egypt","Ägypten","Égypte","Egitto","Egipto","Egito","Египет","埃及","エジプト","مصر"
25.3,"JAM","Jamaica","Jamaika","Jamaïque","Giamaica","Jamaica","Jamaica","Ямайка","牙买加","ジャマイカ","جامايكا"
25.2,"TUV","Tuvalu","Tuvalu","Tuvalu","Tuvalu","Tuvalu","Tuvalu","Тувалу","图瓦卢","ツバル","توفالو"
25.1,"OMN","Oman","Oman","Oman","Oman","Omán","Omã","Оман","阿曼","オマーン","عُمان"
24.7,"NIC","Nicaragua","Nicaragua","Nicaragua","Nicaragua","Nicaragua","Nicarágua","Никарагуа","尼加拉瓜","ニカラグア","نيكاراغوا"
24.7,"BGD","Bangladesh","Bangladesch","Bangladesh","Bangladesh","Bangladés","Bangladesh","Бангладеш","孟加拉","バングラデシュ","بنغلاديش"
24.5,"KHM","Cambodia","Kambodscha","Cambodge","Cambogia","Camboya","Camboja","Камбоджа","柬埔寨","カンボジア","كمبوديا"
24.5,"CPV","Cape Verde","Kap Verde","Cap-Vert","Capo Verde","Cabo Verde","Cabo Verde","Кабо-Верде","佛得角","カボベルデ","الرأس الأخضر"
24.2,"FSM","Federated States of Micronesia","Föderierten Staaten von Mikronesien","États fédérés de Micronésie","Micronesia","Micronesia, Estados Federados de","Estados Federados da Micronésia","Микронезия, Федеративные Штаты","密克罗尼西亚","ミクロネシア連邦","ولايات ميكرونيزيا الموحدة"
23.9,"TJK","Tajikistan","Tadschikistan","Tadjikistan","Tagikistan","Tayikistán","Tajiquistão","Таджикистан","塔吉克斯坦","タジキスタン","طاجيكستان"
23.9,"KIR","Kiribati","Kiribati","Kiribati","Kiribati","Kiribati","Kiribati","Кирибати","基里巴斯","キリバス","كيريباس"
23.8,"SYR","Syrian Arab Republic","Syrien","Syrie","Siria","Siria","Síria","Сирийская Арабская Республика","叙利亚","シリア","سوريا"
23.8,"LSO","Lesotho","Lesotho","Lesotho","Lesotho","Lesoto","Lesoto","Лесото","莱索托","レソト","ليسوتو"
23.7,"BOL","Bolivia","Bolivien","Bolivie","Bolivia","Bolivia","Bolívia","Боливия","玻利维亚","ボリビア","بوليفيا"
23.5,"WSM","Samoa","Samoa","Samoa","Samoa","Samoa","Samoa","Самоа","萨摩亚","サモア","ساموا"
23.4,"NPL","Nepal","Nepal","Népal","Nepal","Nepal","Nepal","Непал","尼泊尔","ネパール","نيبال"
23.2,"PHL","Philippines","Philippinen","Philippines","Filippine","Filipinas","Filipinas","Филиппины","菲律宾","フィリピン","الفلبين"
23.2,"DJI","Djibouti","Djibouti","Djibouti","Gibuti","Yibuti","Djibouti","Джибути","吉布提","ジブチ","جيبوتي"
23.1,"BWA","Botswana","Botswana","Botswana","Botswana","Botsuana","Botswana","Ботсвана","博茨瓦纳","ボツワナ","بوتسوانا"
23.1,"NAM","Namibia","Namibia","Namibie","Namibia","Namibia","Namíbia","Намибия","纳米比亚","ナミビア","ناميبيا"
23,"PAK","Pakistan","Pakistan","Pakistan","Pakistan","Pakistán","Paquistão","Пакистан","巴基斯坦","パキスタン","باكستان"
22.7,"PSE","Occupied Palestinian Territory","Besetzte palästinensische Gebiete","Palestinien Occupé",NA,"Territorio Palestino Ocupado","Palestinos Ocupados","Оккупированная палестинская территория","巴勒斯坦被占领土","パレスチナ自治区","الأراضي الفلسطينية المحتلة"
22.6,"MHL","Marshall Islands","Marshall Islands","Îles Marshall","Isole Marshall","Islas Marshall","Ilhas Marshall","Маршалловы Острова","马绍尔群岛","マーシャル諸島","جزر مارشال"
22.6,"PNG","Papua New Guinea","Papua-Neuguinea","Papouasie-Nouvelle-Guinée","Papua Nuova Guinea","Papúa Nueva Guinea","Papua Nova Guiné","Папуа-Новая Гвинея","巴布亚新几内亚","パプアニューギニア","بابوا غينيا الجديدة"
22.5,"HTI","Haiti","Haiti","Haiti","Haiti","Haití","Haiti","Гаити","海地","ハイチ","هايتي"
22.3,"HND","Honduras","Honduras","Honduras","Honduras","Honduras","Honduras","Гондурас","洪都拉斯","ホンジュラス","هندوراس"
22.3,"LAO","Lao People's Democratic Republic","Demokratische Volksrepublik","République démocratique populaire lao","Laos","República Democrática Popular Laos","Laos","Лаосская Народно-Демократическая Республика","老挝","ラオス人民民主共和国","جمهورية لاو الديمقراطية الشعبية"
22.3,"TON","Tonga","Tonga","Tonga","Tonga","Tonga","Tonga","Тонга","汤加","トンガ","تونغا"
22.1,"BLZ","Belize","Belize","Belize","Belize","Belice","Belize","Белиз","伯利兹","ベリーズ","بليز"
22,"JOR","Jordan","Jordanien","Jordanie","Giordania","Jordania","Jordânia","Иордания","约旦","ヨルダン","الأردن"
21.9,"SLB","Solomon Islands","Salomon-Inseln","Îles Salomon","Isole Salomone","Islas Salomón","Ilhas Salomão","Соломоновы Острова","所罗门群岛","ソロモン諸島","جزر سليمان"
21.4,"GTM","Guatemala","Guatemala","Guatemala","Guatemala","Guatemala","Guatemala","Гватемала","危地马拉","グアテマラ","غواتيمالا"
21.4,"VUT","Vanuatu","Vanuatu","Vanuatu","Vanuatu","Vanuatu","Vanuatu","Вануату","瓦努阿图","バヌアツ","فانواتو"
21.2,"SWZ","Swaziland","Swaziland","Swaziland","Swaziland","Suazilandia","Suazilândia","Свазиленд","斯威士兰","スワジランド","سوازيلاند"
20.9,"ESH","Western Sahara","Westsahara","Sahara Occidental",NA,"Sáhara Occidental","Saara Ocidental","Западная Сахара","西撒哈拉","西サハラ","الصحراء الغربية"
20.9,"GHA","Ghana","Ghana","Ghana","Ghana","Ghana","Gana","Гана","加纳","ガーナ","غانا"
20.5,"GMB","Gambia","Gambia","Gambie","Gambia","Gambia","Gâmbia","Гамбия","冈比亚","ガンビア","غامبيا"
20.5,"CIV","Cote d'Ivoire","Côte d'Ivoire","Côte d'ivoire","Costa d'Avorio","Costa de Marfil","Costa Do Marfim","Кот-д'Ивуар","科特迪瓦","コー​​トジボワール","كوت ديفوار"
20.4,"ZWE","Zimbabwe","Zimbabwe","Zimbabwe","Zimbabwe","Zimbabue","Zimbábue","Зимбабве","津巴布韦","ジンバブエ","زيمبابوي"
20.1,"MRT","Mauritania","Mauretanien","Mauritanie","Mauritania","Mauritania","Mauritânia","Мавритания","毛里塔尼亚","モーリタニア","موريتانيا"
19.9,"GNB","Guinea-Bissau","Guinea-Bissau","Guinée-Bissau","Guinea-Bissau","Guinea-Bisáu","Guiné-Bissau","Гвинея-Бисау","几内亚比绍","ギニアビサウ","غينيا-بيساو"
19.8,"COG","Congo","Kongo","Congo","Congo","Congo","Congo","Конго","刚果","コンゴ（旧ザイール）","الكونغو"
19.7,"IRQ","Iraq","Irak","Iraq","Iraq","Irak","Iraque","Ирак","伊拉克","イラク","العراق"
19.6,"TGO","Togo","Togo","Togo","Togo","Togo","Togo","Того","多哥","トーゴ","توغو"
19.5,"GNQ","Equatorial Guinea","Äquatorialguinea","Guinée équatoriale","Guinea equatoriale","Guinea Ecuatorial","Guiné Equatorial","Экваториальная Гвинея","赤道几内亚","赤道ギニア","غينيا الاستوائية"
19.5,"CAF","Central African Republic","Zentralafrikanische Republik","République centrafricaine","Repubblica centrafricana","República Centroafricana","República Centroafricana","Центральноафриканская Республика","中非共和国","中央アフリカ","جمهورية افريقيا الوسطى"
19.4,"MDG","Madagascar","Madagaskar","Madagascar","Madagascar","Madagascar","Madagascar","Мадагаскар","马达加斯加","マダガスカル","مدغشقر"
19.4,"COM","Comoros","Komoren","Comores","Isole Comore","Comoras","Comores","Коморские острова","科摩罗","コモロ","جزر القمر"
19.3,"SDN","Sudan","Sudan","Soudan","Sudan","Sudán","Sudão","Судан","苏丹","スーダン","السودان"
19.3,"ERI","Eritrea","Eritrea","Érythrée","Eritrea","Eritrea","Eritreia","Эритрея","厄立特里亚","エリトリア","إريتريا"
19.3,"KEN","Kenya","Kenia","Kenya","Kenya","Kenia","Quênia","Кения","肯尼亚","ケニア","كينيا"
19,"SLE","Sierra Leone","Sierra Leone","Sierra Leone","Sierra Leone","Sierra Leona","Serra Leoa","Сьерра-Леоне","塞拉利昂","シエラレオネ","سيراليون"
18.9,"YEM","Yemen","Jemen","Yémen","Yemen","Yemen","Iêmen","Йемен","也门","イエメン","اليمن"
18.8,"RWA","Rwanda","Ruanda","Rwanda","Ruanda","Ruanda","Ruanda","Руанда","卢旺达","ルワンダ","رواندا"
18.8,"GIN","Guinea","Guinea","Guinée","Guinea","Guinea","Guiné","Гвинея","几内亚","ギニア","غينيا"
18.6,"TLS","Timor-Leste","Timor-Leste","Timor-Leste","Timor Est","Timor-Leste","Timor Leste","Восточный Тимор","东帝汶","東ティモール","تيمور الشرقية"
18.6,"GAB","Gabon","Gabon","Gabon","Gabon","Gabón","Gabão","Габон","加蓬","ガボン","الغابون"
18.5,"SEN","Senegal","Senegal","Sénégal","Senegal","Senegal","Senegal","Сенегал","塞内加尔","セネガル","السنغال"
18.4,"CMR","Cameroon","Kamerun","Cameroun","Camerun","Camerún","Camarões","Камерун","喀麦隆","カメルーン","الكاميرون"
18.4,"AFG","Afghanistan","Afghanistan","Afghanistan","Afghanistan","Afganistán","Afeganistão","Афганистан","阿富汗","アフガニスタン","أفغانستان"
18.4,"PSE","Occupied Palestinian Territory","Besetzte palästinensische Gebiete","Palestinien Occupé",NA,"Territorio Palestino Ocupado","Palestinos Ocupados","Оккупированная палестинская территория","巴勒斯坦被占领土","パレスチナ自治区","الأراضي الفلسطينية المحتلة"
18.2,"NGA","Nigeria","Nigeria","Nigéria","Nigeria","Nigeria","Nigéria","Нигерия","尼日利亚","ナイジェリア","نيجيريا"
18.1,"LBR","Liberia","Liberia","Libéria","Liberia","Liberia","Libéria","Либерия","利比里亚","リベリア","ليبيريا"
18.1,"COD","Democratic Republic of the Congo","Demokratische Republik Kongo","La République démocratique du Congo","Repubblica democratica del Congo","República Democrática del Congo","República Democrática do Congo","Демократическая Республика Конго","刚果民主共和国","コンゴ共和国","جمهورية الكونغو الديمقراطية"
18,"AGO","Angola","Angola","Angola","Angola","Angola","Angola","Ангола","安哥拉","アンゴラ","أنغولا"
17.9,"STP","Sao Tome and Principe","Sao Tome und Principe","Sao Tomé-et-Principe","São Tomé e Príncipe","Santo Tomé y Príncipe","São Tomé e Príncipe","Сан-Томе и Принсипи","圣多美和普林西比","サントメプリンシペ","ساو تومي وبرينسيبي"
17.9,"BEN","Benin","Benin","Bénin","Benin","Benín","Benin","Бенин","贝宁","ベニン","بنين"
17.8,"SOM","Somalia","Somalia","Somalie","Somalia","Somalia","Somália","Сомали","索马里","ソマリア","الصومال"
17.7,"ETH","Ethiopia","Äthiopien","Éthiopie","Etiopia","Etiopía","Etiópia","Эфиопия","埃塞俄比亚","エチオピア","أثيوبيا"
17.5,"TZA","United Republic of Tanzania","Tansania","Tanzanie","Tanzania","República Unida de Tanzanía","Tanzânia","Объединенная Республика Танзания","坦桑尼亚","タンザニア","تنزانيا"
17.4,"TCD","Chad","Tschad","Tchad","Ciad","Chad","Chade","Чад","乍得","チャド","تشاد"
17.1,"BFA","Burkina Faso","Burkina Faso","Burkina Faso","Burkina Faso","Burkina Faso","Burkina Faso","Буркина-Фасо","布基纳法索","ブルキナファソ","بوركينا فاسو"
17,"SSD","South Sudan","Süd-Sudan","Soudan du Sud","Sud Sudan","Sudán del Sur","Sudão do Sul","Южный Судан","南苏丹","南スーダン","جنوب السودان"
17,"BDI","Burundi","Burundi","Burundi","Burundi","Burundi","Burundi","Бурунди","布隆迪","ブルンジ","بوروندي"
17,"MOZ","Mozambique","Mosambik","Mozambique","Mozambico","Mozambique","Moçambique","Мозамбик","莫桑比克","モザンビーク","موزمبيق"
16.7,"ZMB","Zambia","Sambia","Zambie","Zambia","Zambia","Zâmbia","Замбия","赞比亚","ザンビア","زامبيا"
16.4,"MWI","Malawi","Malawi","Malawi","Malawi","Malaui","Malavi","Малави","马拉维","マラウィ","ملاوي"
16.1,"MLI","Mali","Mali","Mali","Mali","Malí","Mali","Мали","马里","マリ","مالي"
15.6,"UGA","Uganda","Uganda","Ouganda","Uganda","Uganda","Uganda","Уганда","乌干达","ウガンダ","أوغندا"
15.2,"NER","Niger","Niger","Niger","Niger","Níger","Níger","Нигер","尼日尔","ニジェール","النيجر"
